原型,家族,出现局数,总局数,出现率%,累计次数,场均次数,平均每局命中人数,候选人数,头部集中度%,最常见角色1,次数1,最常见角色2,次数2,最常见角色3,次数3,备注
举报者,施予方,15,40,37.5,27,0.68,0.57,16,14.8,白柔,4,佳豪,4,郑浩,3,
嘲讽发起者,施予方,40,40,100.0,965,24.12,5.78,16,10.2,何川,98,罗杰,80,吴哲,59,命中集合与「当众羞辱者」逐局完全相同（当前实现下两者不可区分）
当众羞辱者,施予方,40,40,100.0,965,24.12,5.78,16,10.2,何川,98,罗杰,80,吴哲,59,
排挤发起者,施予方,36,40,90.0,221,5.53,4.5,16,7.7,吴哲,17,沈浪,15,王磊,14,
流言源头,施予方,40,40,100.0,9617,240.43,16.0,16,6.6,许静,630,何川,606,吴哲,604,
打闹搭子,施予方,40,40,100.0,7389,184.72,11.28,16,10.6,王磊,780,顾言,731,温雅,728,
被举报者,承受方,16,40,40.0,29,0.72,0.53,16,41.4,罗杰,12,白柔,9,叶梓,8,
被嘲讽者,承受方,40,40,100.0,955,23.88,5.35,16,14.6,何川,139,沈浪,77,罗杰,72,命中集合与「被当众羞辱者」逐局完全相同（当前实现下两者不可区分）
被当众羞辱者,承受方,40,40,100.0,955,23.88,5.35,16,14.6,何川,139,沈浪,77,罗杰,72,
被排挤者,承受方,35,40,87.5,220,5.5,1.93,16,15.9,何川,35,罗杰,24,沈浪,19,
被传谣者,承受方,40,40,100.0,9532,238.3,15.93,16,7.5,何川,714,许静,616,吴哲,577,
压力爆发者,承受方,39,40,97.5,1838,45.95,12.18,16,7.1,许静,131,何川,112,陈阳,101,
被孤立者,结构位,40,40,100.0,128,3.2,3.2,16,11.7,何川,15,许静,13,苏晴,12,
人气中心,结构位,40,40,100.0,40,1.0,1.0,16,22.5,王磊,9,佳豪,8,刘畅,5,
众矢之的,结构位,40,40,100.0,40,1.0,1.0,16,12.5,罗杰,5,周敏,4,温雅,3,
