原型,家族,角色,出现局数,总局数,出现率%,累计次数,场均次数
举报者,施予方,何川,28,1000,2.8,31,0.03
举报者,施予方,苏晴,31,1000,3.1,31,0.03
举报者,施予方,唐糖,28,1000,2.8,29,0.03
举报者,施予方,林晚,28,1000,2.8,29,0.03
举报者,施予方,周敏,27,1000,2.7,27,0.03
举报者,施予方,许静,25,1000,2.5,26,0.03
举报者,施予方,吴哲,21,1000,2.1,22,0.02
举报者,施予方,白柔,21,1000,2.1,21,0.02
举报者,施予方,韩雪,20,1000,2.0,21,0.02
举报者,施予方,顾言,18,1000,1.8,20,0.02
举报者,施予方,赵蕊,18,1000,1.8,19,0.02
举报者,施予方,孙悦,17,1000,1.7,18,0.02
举报者,施予方,王磊,15,1000,1.5,17,0.02
举报者,施予方,张渊,15,1000,1.5,16,0.02
举报者,施予方,马强,16,1000,1.6,16,0.02
举报者,施予方,李峥,14,1000,1.4,15,0.01
举报者,施予方,罗杰,14,1000,1.4,15,0.01
举报者,施予方,刘畅,13,1000,1.3,14,0.01
举报者,施予方,沈浪,12,1000,1.2,13,0.01
举报者,施予方,陈阳,12,1000,1.2,13,0.01
举报者,施予方,郑浩,12,1000,1.2,12,0.01
举报者,施予方,叶梓,8,1000,0.8,10,0.01
举报者,施予方,温雅,10,1000,1.0,10,0.01
举报者,施予方,佳豪,8,1000,0.8,9,0.01
嘲讽发起者,施予方,张渊,285,1000,28.5,1626,1.63
嘲讽发起者,施予方,吴哲,308,1000,30.8,1617,1.62
嘲讽发起者,施予方,何川,333,1000,33.3,1598,1.6
嘲讽发起者,施予方,许静,309,1000,30.9,1581,1.58
嘲讽发起者,施予方,罗杰,294,1000,29.4,1491,1.49
嘲讽发起者,施予方,叶梓,302,1000,30.2,1476,1.48
嘲讽发起者,施予方,林晚,291,1000,29.1,1458,1.46
嘲讽发起者,施予方,唐糖,299,1000,29.9,1426,1.43
嘲讽发起者,施予方,沈浪,292,1000,29.2,1343,1.34
嘲讽发起者,施予方,白柔,287,1000,28.7,1342,1.34
嘲讽发起者,施予方,苏晴,288,1000,28.8,1321,1.32
嘲讽发起者,施予方,周敏,260,1000,26.0,1179,1.18
嘲讽发起者,施予方,温雅,261,1000,26.1,899,0.9
嘲讽发起者,施予方,李峥,231,1000,23.1,898,0.9
嘲讽发起者,施予方,马强,227,1000,22.7,799,0.8
嘲讽发起者,施予方,陈阳,241,1000,24.1,791,0.79
嘲讽发起者,施予方,顾言,203,1000,20.3,784,0.78
嘲讽发起者,施予方,韩雪,226,1000,22.6,733,0.73
嘲讽发起者,施予方,赵蕊,212,1000,21.2,685,0.69
嘲讽发起者,施予方,郑浩,217,1000,21.7,679,0.68
嘲讽发起者,施予方,刘畅,205,1000,20.5,664,0.66
嘲讽发起者,施予方,王磊,206,1000,20.6,633,0.63
嘲讽发起者,施予方,孙悦,208,1000,20.8,619,0.62
嘲讽发起者,施予方,佳豪,33,1000,3.3,58,0.06
当众羞辱者,施予方,张渊,246,1000,24.6,954,0.95
当众羞辱者,施予方,吴哲,264,1000,26.4,937,0.94
当众羞辱者,施予方,何川,272,1000,27.2,929,0.93
当众羞辱者,施予方,许静,265,1000,26.5,904,0.9
当众羞辱者,施予方,罗杰,249,1000,24.9,872,0.87
当众羞辱者,施予方,叶梓,255,1000,25.5,860,0.86
当众羞辱者,施予方,唐糖,252,1000,25.2,827,0.83
当众羞辱者,施予方,林晚,232,1000,23.2,790,0.79
当众羞辱者,施予方,沈浪,237,1000,23.7,786,0.79
当众羞辱者,施予方,白柔,239,1000,23.9,757,0.76
当众羞辱者,施予方,苏晴,249,1000,24.9,754,0.75
当众羞辱者,施予方,周敏,207,1000,20.7,656,0.66
当众羞辱者,施予方,李峥,197,1000,19.7,562,0.56
当众羞辱者,施予方,温雅,208,1000,20.8,537,0.54
当众羞辱者,施予方,马强,182,1000,18.2,460,0.46
当众羞辱者,施予方,顾言,171,1000,17.1,449,0.45
当众羞辱者,施予方,陈阳,186,1000,18.6,440,0.44
当众羞辱者,施予方,韩雪,172,1000,17.2,430,0.43
当众羞辱者,施予方,赵蕊,171,1000,17.1,397,0.4
当众羞辱者,施予方,郑浩,160,1000,16.0,370,0.37
当众羞辱者,施予方,刘畅,160,1000,16.0,367,0.37
当众羞辱者,施予方,王磊,161,1000,16.1,354,0.35
当众羞辱者,施予方,孙悦,159,1000,15.9,344,0.34
当众羞辱者,施予方,佳豪,25,1000,2.5,38,0.04
排挤发起者,施予方,叶梓,201,1000,20.1,266,0.27
排挤发起者,施予方,苏晴,202,1000,20.2,262,0.26
排挤发起者,施予方,吴哲,188,1000,18.8,261,0.26
排挤发起者,施予方,张渊,202,1000,20.2,254,0.25
排挤发起者,施予方,许静,198,1000,19.8,247,0.25
排挤发起者,施予方,周敏,192,1000,19.2,240,0.24
排挤发起者,施予方,何川,194,1000,19.4,239,0.24
排挤发起者,施予方,唐糖,172,1000,17.2,236,0.24
排挤发起者,施予方,白柔,183,1000,18.3,229,0.23
排挤发起者,施予方,罗杰,174,1000,17.4,221,0.22
排挤发起者,施予方,沈浪,167,1000,16.7,213,0.21
排挤发起者,施予方,林晚,146,1000,14.6,184,0.18
排挤发起者,施予方,李峥,143,1000,14.3,168,0.17
排挤发起者,施予方,刘畅,133,1000,13.3,151,0.15
排挤发起者,施予方,顾言,130,1000,13.0,151,0.15
排挤发起者,施予方,韩雪,124,1000,12.4,143,0.14
排挤发起者,施予方,温雅,114,1000,11.4,138,0.14
排挤发起者,施予方,赵蕊,106,1000,10.6,124,0.12
排挤发起者,施予方,郑浩,102,1000,10.2,119,0.12
排挤发起者,施予方,陈阳,109,1000,10.9,118,0.12
排挤发起者,施予方,孙悦,99,1000,9.9,115,0.12
排挤发起者,施予方,马强,99,1000,9.9,114,0.11
排挤发起者,施予方,王磊,87,1000,8.7,96,0.1
排挤发起者,施予方,佳豪,60,1000,6.0,62,0.06
流言源头,施予方,张渊,692,1000,69.2,14234,14.23
流言源头,施予方,许静,694,1000,69.4,13800,13.8
流言源头,施予方,苏晴,673,1000,67.3,13323,13.32
流言源头,施予方,何川,685,1000,68.5,13270,13.27
流言源头,施予方,叶梓,668,1000,66.8,13249,13.25
流言源头,施予方,吴哲,665,1000,66.5,13213,13.21
流言源头,施予方,罗杰,673,1000,67.3,12993,12.99
流言源头,施予方,沈浪,654,1000,65.4,12824,12.82
流言源头,施予方,周敏,655,1000,65.5,12606,12.61
流言源头,施予方,唐糖,655,1000,65.5,12158,12.16
流言源头,施予方,白柔,682,1000,68.2,12115,12.12
流言源头,施予方,林晚,661,1000,66.1,10909,10.91
流言源头,施予方,李峥,656,1000,65.6,9074,9.07
流言源头,施予方,温雅,686,1000,68.6,8645,8.64
流言源头,施予方,顾言,660,1000,66.0,8392,8.39
流言源头,施予方,韩雪,664,1000,66.4,8049,8.05
流言源头,施予方,马强,666,1000,66.6,7260,7.26
流言源头,施予方,郑浩,658,1000,65.8,7212,7.21
流言源头,施予方,陈阳,653,1000,65.3,7076,7.08
流言源头,施予方,刘畅,632,1000,63.2,6811,6.81
流言源头,施予方,赵蕊,660,1000,66.0,6769,6.77
流言源头,施予方,王磊,679,1000,67.9,6506,6.51
流言源头,施予方,孙悦,670,1000,67.0,6386,6.39
流言源头,施予方,佳豪,655,1000,65.5,3923,3.92
打闹搭子,施予方,王磊,679,1000,67.9,15537,15.54
打闹搭子,施予方,马强,666,1000,66.6,15401,15.4
打闹搭子,施予方,温雅,686,1000,68.6,15331,15.33
打闹搭子,施予方,孙悦,670,1000,67.0,15091,15.09
打闹搭子,施予方,赵蕊,660,1000,66.0,15036,15.04
打闹搭子,施予方,韩雪,664,1000,66.4,14958,14.96
打闹搭子,施予方,郑浩,658,1000,65.8,14740,14.74
打闹搭子,施予方,顾言,660,1000,66.0,14611,14.61
打闹搭子,施予方,刘畅,632,1000,63.2,14417,14.42
打闹搭子,施予方,李峥,656,1000,65.6,14307,14.31
打闹搭子,施予方,陈阳,653,1000,65.3,13039,13.04
打闹搭子,施予方,佳豪,659,1000,65.9,10955,10.96
打闹搭子,施予方,白柔,654,1000,65.4,2166,2.17
打闹搭子,施予方,唐糖,549,1000,54.9,1185,1.19
打闹搭子,施予方,何川,220,1000,22.0,289,0.29
打闹搭子,施予方,苏晴,227,1000,22.7,276,0.28
打闹搭子,施予方,许静,229,1000,22.9,275,0.28
打闹搭子,施予方,沈浪,222,1000,22.2,274,0.27
打闹搭子,施予方,张渊,218,1000,21.8,269,0.27
打闹搭子,施予方,罗杰,226,1000,22.6,263,0.26
打闹搭子,施予方,吴哲,207,1000,20.7,261,0.26
打闹搭子,施予方,叶梓,216,1000,21.6,259,0.26
打闹搭子,施予方,林晚,208,1000,20.8,256,0.26
打闹搭子,施予方,周敏,198,1000,19.8,252,0.25
被举报者,承受方,叶梓,150,1000,15.0,178,0.18
被举报者,承受方,罗杰,135,1000,13.5,153,0.15
被举报者,承受方,白柔,127,1000,12.7,150,0.15
被嘲讽者,承受方,何川,344,1000,34.4,1873,1.87
被嘲讽者,承受方,苏晴,348,1000,34.8,1848,1.85
被嘲讽者,承受方,张渊,342,1000,34.2,1809,1.81
被嘲讽者,承受方,许静,321,1000,32.1,1789,1.79
被嘲讽者,承受方,叶梓,308,1000,30.8,1731,1.73
被嘲讽者,承受方,罗杰,319,1000,31.9,1646,1.65
被嘲讽者,承受方,吴哲,320,1000,32.0,1610,1.61
被嘲讽者,承受方,白柔,305,1000,30.5,1558,1.56
被嘲讽者,承受方,沈浪,318,1000,31.8,1526,1.53
被嘲讽者,承受方,唐糖,313,1000,31.3,1471,1.47
被嘲讽者,承受方,周敏,292,1000,29.2,1307,1.31
被嘲讽者,承受方,林晚,230,1000,23.0,1000,1.0
被嘲讽者,承受方,李峥,211,1000,21.1,815,0.81
被嘲讽者,承受方,温雅,186,1000,18.6,728,0.73
被嘲讽者,承受方,顾言,185,1000,18.5,715,0.71
被嘲讽者,承受方,马强,175,1000,17.5,683,0.68
被嘲讽者,承受方,韩雪,191,1000,19.1,646,0.65
被嘲讽者,承受方,王磊,162,1000,16.2,546,0.55
被嘲讽者,承受方,赵蕊,158,1000,15.8,506,0.51
被嘲讽者,承受方,郑浩,148,1000,14.8,490,0.49
被嘲讽者,承受方,孙悦,145,1000,14.5,451,0.45
被嘲讽者,承受方,刘畅,150,1000,15.0,444,0.44
被嘲讽者,承受方,陈阳,135,1000,13.5,386,0.39
被嘲讽者,承受方,佳豪,97,1000,9.7,196,0.2
被当众羞辱者,承受方,何川,277,1000,27.7,1061,1.06
被当众羞辱者,承受方,苏晴,288,1000,28.8,1059,1.06
被当众羞辱者,承受方,张渊,267,1000,26.7,1038,1.04
被当众羞辱者,承受方,许静,264,1000,26.4,1017,1.02
被当众羞辱者,承受方,叶梓,265,1000,26.5,977,0.98
被当众羞辱者,承受方,罗杰,257,1000,25.7,949,0.95
被当众羞辱者,承受方,吴哲,266,1000,26.6,943,0.94
被当众羞辱者,承受方,沈浪,258,1000,25.8,890,0.89
被当众羞辱者,承受方,白柔,234,1000,23.4,883,0.88
被当众羞辱者,承受方,唐糖,250,1000,25.0,854,0.85
被当众羞辱者,承受方,周敏,235,1000,23.5,749,0.75
被当众羞辱者,承受方,林晚,171,1000,17.1,569,0.57
被当众羞辱者,承受方,李峥,164,1000,16.4,469,0.47
被当众羞辱者,承受方,温雅,148,1000,14.8,432,0.43
被当众羞辱者,承受方,顾言,148,1000,14.8,417,0.42
被当众羞辱者,承受方,马强,137,1000,13.7,400,0.4
被当众羞辱者,承受方,韩雪,153,1000,15.3,399,0.4
被当众羞辱者,承受方,王磊,128,1000,12.8,297,0.3
被当众羞辱者,承受方,郑浩,113,1000,11.3,287,0.29
被当众羞辱者,承受方,孙悦,112,1000,11.2,281,0.28
被当众羞辱者,承受方,赵蕊,118,1000,11.8,279,0.28
被当众羞辱者,承受方,刘畅,107,1000,10.7,262,0.26
被当众羞辱者,承受方,陈阳,102,1000,10.2,220,0.22
被当众羞辱者,承受方,佳豪,63,1000,6.3,112,0.11
被排挤者,承受方,叶梓,147,1000,14.7,414,0.41
被排挤者,承受方,罗杰,120,1000,12.0,338,0.34
被排挤者,承受方,白柔,109,1000,10.9,314,0.31
被排挤者,承受方,苏晴,98,1000,9.8,287,0.29
被排挤者,承受方,吴哲,97,1000,9.7,284,0.28
被排挤者,承受方,许静,94,1000,9.4,281,0.28
被排挤者,承受方,张渊,92,1000,9.2,271,0.27
被排挤者,承受方,何川,98,1000,9.8,270,0.27
被排挤者,承受方,沈浪,86,1000,8.6,233,0.23
被排挤者,承受方,唐糖,71,1000,7.1,209,0.21
被排挤者,承受方,周敏,68,1000,6.8,191,0.19
被排挤者,承受方,林晚,56,1000,5.6,166,0.17
被排挤者,承受方,韩雪,44,1000,4.4,138,0.14
被排挤者,承受方,马强,44,1000,4.4,133,0.13
被排挤者,承受方,顾言,43,1000,4.3,119,0.12
被排挤者,承受方,温雅,39,1000,3.9,113,0.11
被排挤者,承受方,孙悦,33,1000,3.3,103,0.1
被排挤者,承受方,李峥,36,1000,3.6,99,0.1
被排挤者,承受方,刘畅,29,1000,2.9,86,0.09
被排挤者,承受方,郑浩,26,1000,2.6,76,0.08
被排挤者,承受方,赵蕊,26,1000,2.6,74,0.07
被排挤者,承受方,王磊,22,1000,2.2,61,0.06
被排挤者,承受方,陈阳,20,1000,2.0,53,0.05
被排挤者,承受方,佳豪,10,1000,1.0,37,0.04
被传谣者,承受方,张渊,692,1000,69.2,14175,14.18
被传谣者,承受方,何川,685,1000,68.5,14034,14.03
被传谣者,承受方,许静,694,1000,69.4,13941,13.94
被传谣者,承受方,苏晴,673,1000,67.3,13800,13.8
被传谣者,承受方,叶梓,668,1000,66.8,13207,13.21
被传谣者,承受方,罗杰,673,1000,67.3,13028,13.03
被传谣者,承受方,吴哲,665,1000,66.5,12696,12.7
被传谣者,承受方,沈浪,654,1000,65.4,12687,12.69
被传谣者,承受方,唐糖,655,1000,65.5,12633,12.63
被传谣者,承受方,周敏,655,1000,65.5,12443,12.44
被传谣者,承受方,白柔,682,1000,68.2,12009,12.01
被传谣者,承受方,林晚,659,1000,65.9,9718,9.72
被传谣者,承受方,李峥,656,1000,65.6,8698,8.7
被传谣者,承受方,温雅,686,1000,68.6,8598,8.6
被传谣者,承受方,顾言,660,1000,66.0,8562,8.56
被传谣者,承受方,韩雪,663,1000,66.3,7936,7.94
被传谣者,承受方,马强,665,1000,66.5,7167,7.17
被传谣者,承受方,郑浩,656,1000,65.6,7070,7.07
被传谣者,承受方,王磊,678,1000,67.8,6918,6.92
被传谣者,承受方,赵蕊,660,1000,66.0,6767,6.77
被传谣者,承受方,刘畅,631,1000,63.1,6693,6.69
被传谣者,承受方,孙悦,668,1000,66.8,6591,6.59
被传谣者,承受方,陈阳,652,1000,65.2,6119,6.12
被传谣者,承受方,佳豪,658,1000,65.8,4612,4.61
压力爆发者,承受方,许静,514,1000,51.4,2403,2.4
压力爆发者,承受方,何川,495,1000,49.5,2078,2.08
压力爆发者,承受方,唐糖,471,1000,47.1,2048,2.05
压力爆发者,承受方,白柔,487,1000,48.7,1936,1.94
压力爆发者,承受方,温雅,511,1000,51.1,1761,1.76
压力爆发者,承受方,孙悦,520,1000,52.0,1727,1.73
压力爆发者,承受方,赵蕊,510,1000,51.0,1727,1.73
压力爆发者,承受方,王磊,532,1000,53.2,1720,1.72
压力爆发者,承受方,周敏,454,1000,45.4,1704,1.7
压力爆发者,承受方,马强,499,1000,49.9,1668,1.67
压力爆发者,承受方,陈阳,510,1000,51.0,1658,1.66
压力爆发者,承受方,林晚,466,1000,46.6,1614,1.61
压力爆发者,承受方,叶梓,429,1000,42.9,1612,1.61
压力爆发者,承受方,韩雪,484,1000,48.4,1602,1.6
压力爆发者,承受方,刘畅,479,1000,47.9,1601,1.6
压力爆发者,承受方,罗杰,431,1000,43.1,1596,1.6
压力爆发者,承受方,郑浩,502,1000,50.2,1593,1.59
压力爆发者,承受方,张渊,426,1000,42.6,1561,1.56
压力爆发者,承受方,李峥,474,1000,47.4,1555,1.55
压力爆发者,承受方,沈浪,416,1000,41.6,1542,1.54
压力爆发者,承受方,吴哲,424,1000,42.4,1523,1.52
压力爆发者,承受方,顾言,463,1000,46.3,1518,1.52
压力爆发者,承受方,苏晴,419,1000,41.9,1416,1.42
压力爆发者,承受方,佳豪,523,1000,52.3,1369,1.37
被孤立者,结构位,张渊,267,1000,26.7,267,0.27
被孤立者,结构位,苏晴,253,1000,25.3,253,0.25
被孤立者,结构位,许静,244,1000,24.4,244,0.24
被孤立者,结构位,叶梓,232,1000,23.2,232,0.23
被孤立者,结构位,沈浪,231,1000,23.1,231,0.23
被孤立者,结构位,何川,230,1000,23.0,230,0.23
被孤立者,结构位,罗杰,226,1000,22.6,226,0.23
被孤立者,结构位,吴哲,201,1000,20.1,201,0.2
被孤立者,结构位,周敏,200,1000,20.0,200,0.2
被孤立者,结构位,唐糖,195,1000,19.5,195,0.2
被孤立者,结构位,白柔,161,1000,16.1,161,0.16
被孤立者,结构位,林晚,116,1000,11.6,116,0.12
被孤立者,结构位,顾言,67,1000,6.7,67,0.07
被孤立者,结构位,李峥,66,1000,6.6,66,0.07
被孤立者,结构位,温雅,62,1000,6.2,62,0.06
被孤立者,结构位,韩雪,55,1000,5.5,55,0.06
被孤立者,结构位,马强,40,1000,4.0,40,0.04
被孤立者,结构位,赵蕊,37,1000,3.7,37,0.04
被孤立者,结构位,刘畅,34,1000,3.4,34,0.03
被孤立者,结构位,郑浩,34,1000,3.4,34,0.03
被孤立者,结构位,王磊,33,1000,3.3,33,0.03
被孤立者,结构位,孙悦,31,1000,3.1,31,0.03
被孤立者,结构位,陈阳,23,1000,2.3,23,0.02
被孤立者,结构位,佳豪,8,1000,0.8,8,0.01
人气中心,结构位,佳豪,205,1000,20.5,205,0.2
人气中心,结构位,王磊,118,1000,11.8,118,0.12
人气中心,结构位,孙悦,112,1000,11.2,112,0.11
人气中心,结构位,赵蕊,102,1000,10.2,102,0.1
人气中心,结构位,马强,90,1000,9.0,90,0.09
人气中心,结构位,刘畅,79,1000,7.9,79,0.08
人气中心,结构位,郑浩,69,1000,6.9,69,0.07
人气中心,结构位,陈阳,61,1000,6.1,61,0.06
人气中心,结构位,温雅,52,1000,5.2,52,0.05
人气中心,结构位,韩雪,37,1000,3.7,37,0.04
人气中心,结构位,顾言,31,1000,3.1,31,0.03
人气中心,结构位,李峥,22,1000,2.2,22,0.02
人气中心,结构位,白柔,6,1000,0.6,6,0.01
人气中心,结构位,唐糖,5,1000,0.5,5,0.01
人气中心,结构位,林晚,3,1000,0.3,3,0.0
人气中心,结构位,苏晴,2,1000,0.2,2,0.0
人气中心,结构位,何川,1,1000,0.1,1,0.0
人气中心,结构位,叶梓,1,1000,0.1,1,0.0
人气中心,结构位,吴哲,1,1000,0.1,1,0.0
人气中心,结构位,周敏,1,1000,0.1,1,0.0
人气中心,结构位,沈浪,1,1000,0.1,1,0.0
人气中心,结构位,罗杰,1,1000,0.1,1,0.0
众矢之的,结构位,吴哲,68,1000,6.8,68,0.07
众矢之的,结构位,张渊,66,1000,6.6,66,0.07
众矢之的,结构位,许静,62,1000,6.2,62,0.06
众矢之的,结构位,叶梓,61,1000,6.1,61,0.06
众矢之的,结构位,何川,58,1000,5.8,58,0.06
众矢之的,结构位,罗杰,58,1000,5.8,58,0.06
众矢之的,结构位,林晚,55,1000,5.5,55,0.06
众矢之的,结构位,沈浪,55,1000,5.5,55,0.06
众矢之的,结构位,唐糖,53,1000,5.3,53,0.05
众矢之的,结构位,白柔,50,1000,5.0,50,0.05
众矢之的,结构位,温雅,45,1000,4.5,45,0.04
众矢之的,结构位,周敏,42,1000,4.2,42,0.04
众矢之的,结构位,李峥,37,1000,3.7,37,0.04
众矢之的,结构位,王磊,33,1000,3.3,33,0.03
众矢之的,结构位,苏晴,32,1000,3.2,32,0.03
众矢之的,结构位,陈阳,32,1000,3.2,32,0.03
众矢之的,结构位,顾言,31,1000,3.1,31,0.03
众矢之的,结构位,赵蕊,30,1000,3.0,30,0.03
众矢之的,结构位,郑浩,29,1000,2.9,29,0.03
众矢之的,结构位,马强,29,1000,2.9,29,0.03
众矢之的,结构位,韩雪,28,1000,2.8,28,0.03
众矢之的,结构位,刘畅,23,1000,2.3,23,0.02
众矢之的,结构位,孙悦,22,1000,2.2,22,0.02
众矢之的,结构位,佳豪,1,1000,0.1,1,0.0
